image_name,label
8187.jpg,2
647.jpg,2
24319.jpg,3
4128.jpg,2
9090.jpg,1
3530.jpg,2
5483.jpg,1
24036.jpg,4
6568.jpg,2
7930.jpg,1
5845.jpg,2
23952.jpg,2
7929.jpg,2
2590.jpg,3
5865.jpg,4
4856.jpg,3
5085.jpg,5
8497.jpg,1
3086.jpg,0
6360.jpg,0
23910.jpg,2
3956.jpg,0
587.jpg,1
7940.jpg,1
7615.jpg,2
3697.jpg,5
3293.jpg,3
8116.jpg,2
6722.jpg,2
8105.jpg,3
7578.jpg,3
3484.jpg,4
6760.jpg,3
7813.jpg,3
2541.jpg,2
6927.jpg,0
6629.jpg,0
2599.jpg,1
5757.jpg,5
8913.jpg,5
7644.jpg,1
24230.jpg,5
3370.jpg,2
2993.jpg,1
2382.jpg,3
8474.jpg,0
5923.jpg,2
6235.jpg,0
7734.jpg,4
3434.jpg,5
8880.jpg,5
3482.jpg,4
2596.jpg,4
266.jpg,0
4576.jpg,2
4281.jpg,3
7861.jpg,2
3227.jpg,2
3999.jpg,2
8307.jpg,5
7471.jpg,5
8605.jpg,4
7057.jpg,4
24001.jpg,2
3359.jpg,0
5262.jpg,2
6833.jpg,5
867.jpg,4
8406.jpg,2
443.jpg,3
5860.jpg,1
871.jpg,5
4942.jpg,3
3391.jpg,0
8794.jpg,5
8514.jpg,4
3032.jpg,4
7151.jpg,0
6184.jpg,3
7746.jpg,2
3607.jpg,4
8834.jpg,4
8023.jpg,1
8139.jpg,0
6447.jpg,2
7503.jpg,5
8855.jpg,3
5035.jpg,3
3506.jpg,0
4975.jpg,3
2389.jpg,5
6201.jpg,0
7523.jpg,5
4861.jpg,2
27.jpg,4
2840.jpg,1
355.jpg,2
634.jpg,5
3019.jpg,5
6726.jpg,3
5626.jpg,3
7146.jpg,4
3175.jpg,2
2998.jpg,3
348.jpg,2
24115.jpg,2
2751.jpg,5
4112.jpg,4
23746.jpg,3
3839.jpg,5
2676.jpg,1
8870.jpg,2
4370.jpg,2
5155.jpg,2
8224.jpg,2
3368.jpg,1
3425.jpg,3
635.jpg,0
8273.jpg,1
8225.jpg,3
8014.jpg,2
5949.jpg,5
6829.jpg,2
7482.jpg,1
7829.jpg,5
5337.jpg,0
7461.jpg,4
5382.jpg,5
2799.jpg,2
7326.jpg,3
5769.jpg,1
6487.jpg,2
3031.jpg,4
6429.jpg,0
708.jpg,3
2440.jpg,2
23818.jpg,1
5877.jpg,3
6044.jpg,2
8472.jpg,3
3510.jpg,4
3489.jpg,5
7063.jpg,3
7784.jpg,5
6810.jpg,2
6445.jpg,3
6812.jpg,1
2720.jpg,3
6584.jpg,2
7999.jpg,2
4048.jpg,5
6511.jpg,1
4427.jpg,5
24266.jpg,4
4459.jpg,0
6570.jpg,5
24111.jpg,4
5531.jpg,1
3041.jpg,4
7364.jpg,2
3568.jpg,3
65.jpg,4
3699.jpg,0
7254.jpg,5
6317.jpg,1
5222.jpg,5
4916.jpg,0
8382.jpg,0
23945.jpg,0
7452.jpg,4
6274.jpg,4
5297.jpg,5
23848.jpg,2
9073.jpg,3
4090.jpg,4
2513.jpg,4
2805.jpg,2
5673.jpg,1
23998.jpg,4
2891.jpg,4
3965.jpg,5
2421.jpg,5
8153.jpg,4
23931.jpg,1
2465.jpg,1
3030.jpg,3
8200.jpg,5
23743.jpg,1
2971.jpg,4
5809.jpg,5
3185.jpg,4
4750.jpg,1
3145.jpg,0
7495.jpg,4
4041.jpg,4
5729.jpg,1
6656.jpg,3
7888.jpg,5
3348.jpg,1
7984.jpg,3
285.jpg,4
7474.jpg,3
6400.jpg,4
2715.jpg,4
8498.jpg,2
3888.jpg,0
2598.jpg,4
2487.jpg,2
8544.jpg,2
5228.jpg,5
24172.jpg,5
3422.jpg,1
6125.jpg,4
8295.jpg,1
8886.jpg,2
4082.jpg,0
4822.jpg,5
4492.jpg,2
5159.jpg,2
7892.jpg,2
6128.jpg,2
7569.jpg,2
2913.jpg,5
8137.jpg,1
2386.jpg,3
5819.jpg,4
6601.jpg,3
4578.jpg,3
6910.jpg,1
7303.jpg,5
8786.jpg,0
3444.jpg,1
6817.jpg,3
5194.jpg,4
613.jpg,4
6477.jpg,4
4205.jpg,2
5323.jpg,1
3745.jpg,0
5046.jpg,2
2419.jpg,2
7246.jpg,3
6519.jpg,3
24286.jpg,3
2946.jpg,5
4667.jpg,0
3841.jpg,3
5893.jpg,5
3236.jpg,3
6279.jpg,3
7056.jpg,1
6960.jpg,4
6231.jpg,0
24023.jpg,0
4893.jpg,2
5183.jpg,0
5920.jpg,1
3138.jpg,3
8229.jpg,5
5719.jpg,3
8509.jpg,4
5063.jpg,5
8589.jpg,5
4119.jpg,2
894.jpg,4
8281.jpg,2
6392.jpg,0
6213.jpg,5
24231.jpg,5
5214.jpg,4
24137.jpg,1
7956.jpg,3
6268.jpg,0
6958.jpg,0
6258.jpg,1
5276.jpg,3
4359.jpg,0
6745.jpg,4
6710.jpg,0
8861.jpg,4
7596.jpg,5
6137.jpg,1
2999.jpg,0
6394.jpg,0
7386.jpg,2
24145.jpg,1
8531.jpg,1
6778.jpg,4
6678.jpg,3
6149.jpg,5
3222.jpg,5
2934.jpg,4
6766.jpg,3
6254.jpg,3
5256.jpg,4
6533.jpg,1
7392.jpg,5
8230.jpg,4
4530.jpg,3
8720.jpg,5
8323.jpg,5
5928.jpg,3
24329.jpg,3
5805.jpg,0
247.jpg,1
8277.jpg,1
7639.jpg,4
814.jpg,1
6263.jpg,3
3204.jpg,5
6434.jpg,5
3825.jpg,0
7354.jpg,3
2730.jpg,3
7884.jpg,1
3787.jpg,3
24241.jpg,1
3824.jpg,4
7059.jpg,1
3579.jpg,0
5652.jpg,0
7464.jpg,3
5411.jpg,3
537.jpg,1
3213.jpg,2
5547.jpg,1
23979.jpg,1
6056.jpg,1
6086.jpg,1
3184.jpg,5
8687.jpg,4
5487.jpg,3
3057.jpg,1
23771.jpg,2
8151.jpg,0
4106.jpg,1
5461.jpg,5
8412.jpg,1
6626.jpg,5
6936.jpg,1
4992.jpg,3
2657.jpg,5
4260.jpg,3
7222.jpg,0
6673.jpg,0
3308.jpg,3
3297.jpg,0
6130.jpg,5
5530.jpg,2
8452.jpg,1
8860.jpg,1
5116.jpg,1
5304.jpg,0
7525.jpg,4
9099.jpg,5
5102.jpg,1
23902.jpg,2
4980.jpg,3
2484.jpg,4
5163.jpg,3
744.jpg,3
2638.jpg,1
5308.jpg,4
3385.jpg,3
7410.jpg,2
4049.jpg,1
3107.jpg,2
5935.jpg,1
5160.jpg,0
4935.jpg,1
4857.jpg,3
3842.jpg,5
3470.jpg,4
8337.jpg,1
6272.jpg,2
5829.jpg,4
23923.jpg,3
486.jpg,4
7479.jpg,1
4412.jpg,2
7416.jpg,3
24.jpg,3
4173.jpg,3
24334.jpg,2
3005.jpg,3
8883.jpg,3
717.jpg,1
24122.jpg,4
7417.jpg,1
7767.jpg,2
6561.jpg,4
5662.jpg,4
2811.jpg,4
6021.jpg,1
5713.jpg,5
3863.jpg,1
24017.jpg,0
5209.jpg,2
3791.jpg,3
4598.jpg,0
5759.jpg,1
6178.jpg,2
6239.jpg,3
3485.jpg,2
7751.jpg,3
4536.jpg,4
7518.jpg,0
2385.jpg,0
5494.jpg,2
5166.jpg,4
5664.jpg,5
6994.jpg,3
31.jpg,5
6363.jpg,0
2917.jpg,2
7091.jpg,0
4901.jpg,5
5292.jpg,0
8706.jpg,5
24234.jpg,1
6736.jpg,4
5701.jpg,4
5632.jpg,4
6328.jpg,0
6976.jpg,2
6146.jpg,2
4142.jpg,5
8031.jpg,0
5052.jpg,4
5682.jpg,1
3454.jpg,5
24214.jpg,4
4474.jpg,1
8026.jpg,5
2879.jpg,3
7845.jpg,2
7668.jpg,5
3781.jpg,1
7810.jpg,2
24204.jpg,3
7154.jpg,5
4375.jpg,2
4650.jpg,2
7863.jpg,5
3928.jpg,0
2387.jpg,2
2615.jpg,3
5190.jpg,3
4436.jpg,2
8177.jpg,1
3302.jpg,2
6414.jpg,0
5922.jpg,2
9040.jpg,2
2978.jpg,1
2578.jpg,3
6174.jpg,5
5089.jpg,5
9068.jpg,3
5023.jpg,4
3412.jpg,0
5096.jpg,2
9097.jpg,4
5578.jpg,3
5319.jpg,3
24275.jpg,0
4145.jpg,2
3810.jpg,4
5422.jpg,3
7704.jpg,1
7152.jpg,3
3929.jpg,0
7529.jpg,5
7672.jpg,2
4738.jpg,1
5843.jpg,2
3477.jpg,0
6095.jpg,5
394.jpg,5
7383.jpg,0
3457.jpg,0
8260.jpg,3
3885.jpg,2
8335.jpg,3
9109.jpg,2
8909.jpg,2
4475.jpg,1
3056.jpg,0
3073.jpg,0
8723.jpg,0
3849.jpg,3
24184.jpg,3
4120.jpg,0
3678.jpg,4
6220.jpg,2
6753.jpg,2
7458.jpg,5
5637.jpg,5
6815.jpg,5
8606.jpg,2
9018.jpg,0
5279.jpg,5
3661.jpg,5
6388.jpg,3
7505.jpg,4
8422.jpg,4
23977.jpg,2
9126.jpg,5
5878.jpg,2
24313.jpg,1
3344.jpg,1
3035.jpg,5
8250.jpg,3
5523.jpg,4
2793.jpg,1
4788.jpg,1
6449.jpg,2
6269.jpg,4
6618.jpg,1
7559.jpg,5
5695.jpg,0
6147.jpg,3
8732.jpg,1
4465.jpg,2
5930.jpg,5
4423.jpg,3
5698.jpg,3
279.jpg,2
6224.jpg,4
3505.jpg,5
24062.jpg,0
666.jpg,4
6321.jpg,2
3456.jpg,2
6433.jpg,2
23845.jpg,5
3676.jpg,3
2817.jpg,5
8373.jpg,3
6763.jpg,0
3563.jpg,5
8016.jpg,1
24011.jpg,2
7551.jpg,3
23875.jpg,1
4878.jpg,4
74.jpg,5
7764.jpg,4
6591.jpg,4
417.jpg,2
3243.jpg,1
4486.jpg,0
3989.jpg,0
7233.jpg,4
8198.jpg,1
4671.jpg,2
6020.jpg,5
7232.jpg,4
7665.jpg,1
6984.jpg,2
5387.jpg,4
7913.jpg,1
23964.jpg,2
5369.jpg,5
5203.jpg,4
4515.jpg,1
7812.jpg,1
8978.jpg,1
439.jpg,3
8904.jpg,4
3238.jpg,4
7203.jpg,5
5290.jpg,2
24320.jpg,0
6287.jpg,1
7302.jpg,4
5752.jpg,3
6167.jpg,3
6364.jpg,5
3281.jpg,5
6867.jpg,4
2678.jpg,0
416.jpg,4
3829.jpg,5
9137.jpg,2
8811.jpg,3
7902.jpg,5
2796.jpg,0
8478.jpg,3
843.jpg,5
628.jpg,1
5021.jpg,4
4413.jpg,1
3914.jpg,1
3533.jpg,2
3077.jpg,2
4362.jpg,3
8673.jpg,4
5828.jpg,3
6662.jpg,2
4452.jpg,4
3807.jpg,4
6331.jpg,0
8300.jpg,5
2453.jpg,5
24310.jpg,2
2919.jpg,3
6641.jpg,0
612.jpg,5
4889.jpg,4
8334.jpg,5
5235.jpg,4
5053.jpg,0
7769.jpg,2
4392.jpg,0
8995.jpg,0
7570.jpg,0
6870.jpg,1
8381.jpg,5
6150.jpg,2
24239.jpg,1
5670.jpg,5
727.jpg,5
4953.jpg,3
3343.jpg,5
8709.jpg,4
800.jpg,3
86.jpg,5
4239.jpg,0
6367.jpg,3
9015.jpg,1
91.jpg,5
4143.jpg,2
7500.jpg,2
338.jpg,1
610.jpg,3
4612.jpg,2
2508.jpg,4
5753.jpg,2
3000.jpg,0
3670.jpg,0
24008.jpg,2
5504.jpg,5
810.jpg,0
3366.jpg,2
23816.jpg,2
23798.jpg,1
6486.jpg,5
7096.jpg,2
2831.jpg,1
5302.jpg,0
3683.jpg,2
6208.jpg,4
3763.jpg,5
5435.jpg,2
8740.jpg,3
7341.jpg,5
3181.jpg,5
24013.jpg,2
24078.jpg,5
6046.jpg,0
909.jpg,5
7842.jpg,3
4500.jpg,0
3583.jpg,1
3736.jpg,3
24041.jpg,4
765.jpg,0
4388.jpg,4
2892.jpg,1
4299.jpg,3
5119.jpg,3
694.jpg,0
6605.jpg,0
892.jpg,2
7803.jpg,1
3658.jpg,3
8130.jpg,5
6098.jpg,1
5837.jpg,5
3933.jpg,4
8073.jpg,4
3604.jpg,2
3424.jpg,3
6545.jpg,4
5776.jpg,2
2705.jpg,0
3831.jpg,0
769.jpg,1
23729.jpg,5
5576.jpg,3
4197.jpg,1
7139.jpg,3
5169.jpg,2
8554.jpg,1
9025.jpg,1
4589.jpg,0
24124.jpg,5
550.jpg,0
8246.jpg,2
4554.jpg,3
4907.jpg,2
9.jpg,5
6508.jpg,5
7045.jpg,1
7527.jpg,5
23972.jpg,2
469.jpg,4
3195.jpg,2
5129.jpg,2
8713.jpg,0
8185.jpg,4
6796.jpg,2
23981.jpg,1
8386.jpg,2
502.jpg,1
7046.jpg,5
5715.jpg,2
24141.jpg,5
4763.jpg,1
7664.jpg,4
24159.jpg,5
2717.jpg,0
783.jpg,1
6636.jpg,5
6754.jpg,5
6096.jpg,2
3081.jpg,3
3844.jpg,0
8131.jpg,0
8792.jpg,5
3827.jpg,2
24179.jpg,5
8388.jpg,2
7971.jpg,4
7658.jpg,2
6723.jpg,1
24315.jpg,3
5978.jpg,2
2806.jpg,4
8752.jpg,0
299.jpg,5
3816.jpg,0
8991.jpg,3
2420.jpg,2
5335.jpg,1
7635.jpg,2
6830.jpg,0
4134.jpg,1
6540.jpg,3
2456.jpg,2
7387.jpg,2
5817.jpg,0
5783.jpg,1
23888.jpg,2
5514.jpg,3
7346.jpg,3
6498.jpg,3
3226.jpg,5
8801.jpg,0
6748.jpg,5
2939.jpg,5
8994.jpg,1
24269.jpg,5
5602.jpg,2
7787.jpg,3
8227.jpg,5
755.jpg,5
32.jpg,3
7741.jpg,5
5419.jpg,4
5696.jpg,0
688.jpg,5
47.jpg,0
6550.jpg,4
5253.jpg,5
6856.jpg,4
6929.jpg,2
6955.jpg,4
4965.jpg,5
6481.jpg,4
451.jpg,5
23795.jpg,0
3992.jpg,0
5145.jpg,4
8255.jpg,1
4887.jpg,2
24009.jpg,5
23721.jpg,5
8850.jpg,1
2707.jpg,4
5611.jpg,3
5141.jpg,5
5777.jpg,3
24096.jpg,2
3460.jpg,3
8376.jpg,0
5579.jpg,5
6019.jpg,5
3619.jpg,5
7552.jpg,2
4551.jpg,5
6828.jpg,2
6391.jpg,3
6299.jpg,5
583.jpg,1
3737.jpg,1
4813.jpg,2
6334.jpg,3
3899.jpg,5
6323.jpg,3
780.jpg,2
8025.jpg,2
5593.jpg,5
24263.jpg,3
4844.jpg,4
3110.jpg,4
7493.jpg,0
3554.jpg,3
4982.jpg,4
6779.jpg,1
6159.jpg,3
24174.jpg,4
770.jpg,5
4640.jpg,2
23766.jpg,5
4675.jpg,2
7542.jpg,0
8891.jpg,0
7347.jpg,0
7402.jpg,2
6939.jpg,3
6790.jpg,3
444.jpg,0
4741.jpg,2
3585.jpg,2
6859.jpg,4
5150.jpg,1
7602.jpg,2
2617.jpg,4
5822.jpg,4
3215.jpg,4
6170.jpg,2
3972.jpg,4
887.jpg,0
7060.jpg,3
3092.jpg,1
352.jpg,1
4017.jpg,3
5717.jpg,5
9106.jpg,4
8750.jpg,1
5433.jpg,2
6660.jpg,2
24242.jpg,2
4160.jpg,0
4252.jpg,4
3282.jpg,5
3369.jpg,2
4831.jpg,4
6290.jpg,0
7221.jpg,2
5030.jpg,5
5731.jpg,0
7694.jpg,1
9653.jpg,3
9934.jpg,1
9991.jpg,2
9981.jpg,2
9460.jpg,3
9267.jpg,2
9659.jpg,2
9898.jpg,4
9420.jpg,1
9951.jpg,2
9664.jpg,4
9867.jpg,5
9957.jpg,3
9635.jpg,2
9863.jpg,5
9571.jpg,3
9891.jpg,5
9385.jpg,0
982.jpg,2
9305.jpg,2
9332.jpg,0
9859.jpg,3
9535.jpg,5
9286.jpg,4
9682.jpg,3
9473.jpg,1
9412.jpg,5
9426.jpg,2
9932.jpg,0
9208.jpg,0
993.jpg,0
9184.jpg,5
9249.jpg,5
9769.jpg,0
9148.jpg,5
9319.jpg,1
9151.jpg,0
9704.jpg,0
9869.jpg,3
922.jpg,4
974.jpg,5
98.jpg,1
9263.jpg,4
9620.jpg,4
9718.jpg,1
9201.jpg,3
9912.jpg,1
9698.jpg,4
9595.jpg,0
9410.jpg,0
984.jpg,4
9489.jpg,1
9269.jpg,4
954.jpg,1
9357.jpg,4
9884.jpg,3
9209.jpg,3
9846.jpg,5
9650.jpg,2
967.jpg,0
941.jpg,3
9169.jpg,0
9155.jpg,3
9570.jpg,0
9484.jpg,5
9258.jpg,1
925.jpg,1
9519.jpg,4
9362.jpg,5
9213.jpg,3
9566.jpg,1
9462.jpg,1
9935.jpg,2
9375.jpg,4
943.jpg,1
9541.jpg,1
9285.jpg,2
9344.jpg,2
9706.jpg,1
9819.jpg,5
947.jpg,2
9463.jpg,1
979.jpg,4
9146.jpg,2
9830.jpg,2
9147.jpg,3
9483.jpg,4
9236.jpg,0
9613.jpg,4
9399.jpg,3
9737.jpg,5
969.jpg,3
9351.jpg,5
923.jpg,5
9228.jpg,3
9260.jpg,2
9943.jpg,2
9370.jpg,5
958.jpg,1
9709.jpg,0
9948.jpg,0
9913.jpg,0
988.jpg,2
9217.jpg,5
9983.jpg,1
9365.jpg,3
9338.jpg,1
9609.jpg,5
9335.jpg,4
9780.jpg,4
9407.jpg,5
9686.jpg,3
9799.jpg,0
9597.jpg,2
9218.jpg,2
9395.jpg,2
9475.jpg,3
990.jpg,0
9376.jpg,5
9306.jpg,4
9275.jpg,5
9937.jpg,4
9251.jpg,2
9586.jpg,1
9762.jpg,0
9971.jpg,3
9681.jpg,0
9581.jpg,5
997.jpg,1
9396.jpg,3
9560.jpg,3
9327.jpg,5
9742.jpg,4
9801.jpg,3
9530.jpg,5
22766.jpg,2
16969.jpg,2
22614.jpg,3
18029.jpg,0
19014.jpg,5
21481.jpg,3
21937.jpg,4
18615.jpg,2
18195.jpg,0
19635.jpg,1
17403.jpg,0
16847.jpg,2
17361.jpg,2
1832.jpg,4
18270.jpg,3
16731.jpg,5
16615.jpg,1
21269.jpg,2
22688.jpg,4
18541.jpg,2
21912.jpg,3
228.jpg,5
18251.jpg,1
18344.jpg,0
17013.jpg,3
20575.jpg,3
1721.jpg,3
19331.jpg,5
18940.jpg,2
17693.jpg,5
21100.jpg,5
22942.jpg,2
21868.jpg,1
1635.jpg,0
18293.jpg,2
19953.jpg,3
20662.jpg,2
23365.jpg,0
19737.jpg,2
2019.jpg,1
21979.jpg,3
19359.jpg,1
20627.jpg,3
20782.jpg,1
2012.jpg,4
18060.jpg,5
2233.jpg,1
19990.jpg,2
22063.jpg,2
19878.jpg,4
17450.jpg,0
17894.jpg,5
22258.jpg,2
23210.jpg,3
19261.jpg,2
23250.jpg,4
23104.jpg,0
19808.jpg,5
18138.jpg,3
22765.jpg,3
2222.jpg,1
16692.jpg,0
18751.jpg,5
1919.jpg,3
18566.jpg,2
21369.jpg,3
23667.jpg,4
20639.jpg,4
18185.jpg,5
18902.jpg,1
19005.jpg,3
22335.jpg,3
22950.jpg,3
18777.jpg,0
21060.jpg,2
17662.jpg,5
21762.jpg,2
19876.jpg,4
20365.jpg,5
21025.jpg,2
18557.jpg,1
18283.jpg,5
17234.jpg,3
17193.jpg,0
22543.jpg,4
16419.jpg,5
20769.jpg,4
19446.jpg,0
1818.jpg,2
22394.jpg,3
20056.jpg,1
21644.jpg,1
18397.jpg,0
20089.jpg,1
22326.jpg,3
21415.jpg,3
22921.jpg,3
2152.jpg,1
22460.jpg,5
22166.jpg,0
19154.jpg,0
1957.jpg,1
1673.jpg,0
21018.jpg,1
20319.jpg,1
19450.jpg,5
18645.jpg,2
21490.jpg,3
20921.jpg,3
23026.jpg,3
17602.jpg,0
2045.jpg,5
21990.jpg,1
20989.jpg,0
17104.jpg,2
22547.jpg,3
21738.jpg,4
17324.jpg,5
16489.jpg,5
1903.jpg,3
22654.jpg,5
22635.jpg,2
2108.jpg,0
18205.jpg,4
17567.jpg,1
19576.jpg,2
18180.jpg,1
17098.jpg,1
20871.jpg,3
20596.jpg,1
18816.jpg,4
16654.jpg,2
19257.jpg,2
19242.jpg,5
1950.jpg,5
17661.jpg,3
23176.jpg,3
20131.jpg,0
17745.jpg,5
23491.jpg,1
21430.jpg,1
21581.jpg,0
2085.jpg,1
22107.jpg,4
17831.jpg,1
20752.jpg,0
22790.jpg,3
17105.jpg,2
18214.jpg,5
21168.jpg,2
23118.jpg,5
19090.jpg,5
20388.jpg,5
22339.jpg,0
19992.jpg,1
18770.jpg,0
17936.jpg,2
20218.jpg,0
18550.jpg,0
2284.jpg,1
20222.jpg,5
20256.jpg,2
23683.jpg,2
2099.jpg,0
23125.jpg,2
17954.jpg,3
19183.jpg,2
19807.jpg,5
229.jpg,2
22755.jpg,4
18654.jpg,3
2186.jpg,5
2311.jpg,3
20014.jpg,3
18720.jpg,0
18758.jpg,0
16948.jpg,0
23162.jpg,4
16882.jpg,4
18339.jpg,2
18079.jpg,0
16402.jpg,3
19004.jpg,3
17485.jpg,2
16598.jpg,3
1719.jpg,1
18015.jpg,2
21366.jpg,1
22514.jpg,1
23367.jpg,2
21357.jpg,2
18306.jpg,3
17511.jpg,2
16811.jpg,5
16620.jpg,2
20162.jpg,5
1735.jpg,5
21141.jpg,0
18367.jpg,0
22735.jpg,0
22842.jpg,2
19683.jpg,2
20981.jpg,0
2101.jpg,3
2308.jpg,5
17061.jpg,0
17530.jpg,3
17344.jpg,2
20608.jpg,3
23136.jpg,0
1670.jpg,1
21559.jpg,1
18261.jpg,5
23603.jpg,0
20283.jpg,4
19114.jpg,3
17581.jpg,5
17799.jpg,2
21214.jpg,3
17318.jpg,4
19897.jpg,3
2120.jpg,3
18694.jpg,0
1905.jpg,5
1642.jpg,3
22706.jpg,0
16407.jpg,4
21876.jpg,2
22812.jpg,0
1862.jpg,4
22852.jpg,3
2344.jpg,5
17824.jpg,2
1829.jpg,1
19039.jpg,5
22207.jpg,2
21982.jpg,2
16925.jpg,3
22897.jpg,1
23052.jpg,5
17721.jpg,1
23537.jpg,2
16769.jpg,5
20688.jpg,0
18335.jpg,2
18507.jpg,1
21639.jpg,4
2336.jpg,5
19036.jpg,0
17204.jpg,3
19900.jpg,2
21935.jpg,2
16712.jpg,2
23293.jpg,4
18469.jpg,1
20723.jpg,0
18875.jpg,0
20959.jpg,3
18001.jpg,5
17081.jpg,4
21091.jpg,1
17144.jpg,1
16972.jpg,3
17789.jpg,3
23576.jpg,4
23022.jpg,4
21052.jpg,1
18634.jpg,3
16364.jpg,4
22961.jpg,4
16720.jpg,0
20327.jpg,3
1677.jpg,1
19589.jpg,3
2266.jpg,1
22251.jpg,3
21198.jpg,1
20274.jpg,1
21276.jpg,3
19830.jpg,5
17078.jpg,5
16474.jpg,4
19585.jpg,0
19993.jpg,3
18437.jpg,5
19813.jpg,3
21618.jpg,3
21151.jpg,0
18686.jpg,3
20785.jpg,1
17716.jpg,2
18597.jpg,2
18567.jpg,1
2306.jpg,1
21934.jpg,2
23361.jpg,3
16566.jpg,2
2056.jpg,2
17603.jpg,4
16392.jpg,5
22157.jpg,3
21480.jpg,0
22606.jpg,2
21027.jpg,3
19068.jpg,4
23318.jpg,3
23590.jpg,0
16793.jpg,0
22420.jpg,1
23325.jpg,0
17739.jpg,1
20893.jpg,4
18723.jpg,1
17939.jpg,3
22685.jpg,3
16491.jpg,4
18648.jpg,3
2214.jpg,4
19045.jpg,4
19066.jpg,3
21302.jpg,2
23207.jpg,1
18059.jpg,5
23282.jpg,3
19299.jpg,1
18808.jpg,2
20433.jpg,2
21607.jpg,4
20720.jpg,2
19020.jpg,2
18146.jpg,4
19159.jpg,0
19171.jpg,4
18161.jpg,1
18428.jpg,5
2277.jpg,3
21819.jpg,3
1784.jpg,2
18232.jpg,4
22955.jpg,1
22293.jpg,1
22722.jpg,5
22570.jpg,1
18957.jpg,1
2254.jpg,3
20520.jpg,4
20286.jpg,0
20626.jpg,3
1942.jpg,5
21669.jpg,2
22971.jpg,5
19509.jpg,1
16748.jpg,4
21810.jpg,5
23312.jpg,3
16801.jpg,4
22545.jpg,4
21779.jpg,0
19927.jpg,2
23589.jpg,2
18135.jpg,3
19905.jpg,5
18730.jpg,4
18350.jpg,1
20994.jpg,5
22227.jpg,0
20343.jpg,5
16358.jpg,3
20504.jpg,0
22965.jpg,5
2043.jpg,5
23151.jpg,2
21213.jpg,2
16320.jpg,5
19353.jpg,4
18332.jpg,2
19061.jpg,5
2269.jpg,3
21651.jpg,2
2072.jpg,2
19973.jpg,0
20908.jpg,3
17520.jpg,0
18343.jpg,3
19548.jpg,3
1836.jpg,5
18524.jpg,1
23463.jpg,1
16898.jpg,2
2272.jpg,4
22948.jpg,4
1697.jpg,5
17932.jpg,5
17014.jpg,5
20133.jpg,0
16962.jpg,3
17958.jpg,2
18470.jpg,4
20910.jpg,2
22209.jpg,3
17545.jpg,5
20138.jpg,4
16994.jpg,4
23473.jpg,1
18260.jpg,5
16989.jpg,2
20177.jpg,5
20206.jpg,0
17462.jpg,0
21104.jpg,5
23446.jpg,0
23717.jpg,1
17857.jpg,1
17444.jpg,1
19534.jpg,2
21083.jpg,4
18772.jpg,0
23679.jpg,2
19179.jpg,5
18235.jpg,5
17453.jpg,0
17287.jpg,2
16430.jpg,2
16752.jpg,4
22862.jpg,1
21896.jpg,0
21727.jpg,2
1683.jpg,0
17240.jpg,3
17232.jpg,5
17973.jpg,0
20413.jpg,2
1921.jpg,2
21230.jpg,2
16611.jpg,1
2346.jpg,4
17577.jpg,3
16368.jpg,4
1701.jpg,5
22871.jpg,3
20991.jpg,3
18219.jpg,3
22409.jpg,0
17432.jpg,2
21336.jpg,2
23591.jpg,1
19.jpg,0
20184.jpg,5
16448.jpg,2
22653.jpg,3
17173.jpg,3
18883.jpg,5
20100.jpg,1
1791.jpg,2
19829.jpg,5
19356.jpg,4
189.jpg,2
20328.jpg,1
18162.jpg,3
16414.jpg,2
21685.jpg,1
20079.jpg,5
20616.jpg,2
20619.jpg,1
1827.jpg,5
16582.jpg,3
2111.jpg,5
21478.jpg,2
17611.jpg,2
16455.jpg,0
1898.jpg,3
19040.jpg,2
17120.jpg,2
23191.jpg,5
19935.jpg,3
21766.jpg,2
16920.jpg,1
19894.jpg,2
19533.jpg,4
21656.jpg,0
20887.jpg,2
17410.jpg,4
21754.jpg,0
21421.jpg,3
23436.jpg,3
22595.jpg,1
20571.jpg,2
22484.jpg,4
18216.jpg,5
22185.jpg,0
20264.jpg,4
21643.jpg,3
20152.jpg,5
23109.jpg,5
16391.jpg,5
16727.jpg,5
23369.jpg,2
23018.jpg,4
21793.jpg,0
20766.jpg,0
19292.jpg,1
22866.jpg,3
21086.jpg,5
20576.jpg,2
23505.jpg,0
1738.jpg,3
19934.jpg,2
19599.jpg,4
19708.jpg,2
18926.jpg,1
20109.jpg,3
17352.jpg,4
16438.jpg,3
16682.jpg,5
21363.jpg,3
22988.jpg,5
2267.jpg,5
2148.jpg,4
23475.jpg,5
22691.jpg,0
20240.jpg,4
22029.jpg,2
21897.jpg,0
20621.jpg,5
18677.jpg,4
16783.jpg,5
20653.jpg,5
17912.jpg,5
18403.jpg,2
16339.jpg,0
18622.jpg,1
21940.jpg,4
16926.jpg,3
17283.jpg,2
168.jpg,5
20285.jpg,4
22694.jpg,2
23126.jpg,3
21150.jpg,1
23181.jpg,1
23189.jpg,2
19996.jpg,0
22311.jpg,5
22124.jpg,3
17006.jpg,3
21063.jpg,2
18894.jpg,3
1841.jpg,4
23036.jpg,4
21504.jpg,5
19184.jpg,0
19140.jpg,4
23286.jpg,5
22015.jpg,2
20502.jpg,1
16468.jpg,2
21674.jpg,5
22158.jpg,3
16716.jpg,4
20153.jpg,3
22850.jpg,4
2087.jpg,3
18024.jpg,1
22097.jpg,5
1772.jpg,5
21459.jpg,1
22171.jpg,5
2032.jpg,1
22769.jpg,3
23528.jpg,1
23192.jpg,4
19867.jpg,5
21828.jpg,4
17817.jpg,2
16697.jpg,4
20813.jpg,5
16500.jpg,0
19247.jpg,2
19205.jpg,2
18592.jpg,0
16371.jpg,3
23062.jpg,3
18265.jpg,3
21788.jpg,3
16753.jpg,0
22703.jpg,1
22512.jpg,3
22366.jpg,5
21470.jpg,0
23321.jpg,1
16610.jpg,1
17483.jpg,2
19490.jpg,3
18191.jpg,0
2052.jpg,4
18157.jpg,0
18284.jpg,0
16482.jpg,5
18905.jpg,0
22823.jpg,5
23072.jpg,3
20841.jpg,2
20905.jpg,3
19522.jpg,2
18658.jpg,2
20889.jpg,2
2015.jpg,4
18663.jpg,2
21658.jpg,0
22577.jpg,5
19303.jpg,2
22678.jpg,4
20808.jpg,5
21360.jpg,0
19253.jpg,2
19832.jpg,1
21102.jpg,3
21041.jpg,0
18401.jpg,5
19338.jpg,5
21759.jpg,0
22372.jpg,5
22600.jpg,3
165.jpg,4
21463.jpg,2
19874.jpg,0
19145.jpg,5
17476.jpg,4
18796.jpg,3
20927.jpg,1
22062.jpg,2
17268.jpg,5
18301.jpg,1
17207.jpg,1
22022.jpg,1
20430.jpg,0
17309.jpg,4
2003.jpg,3
16616.jpg,1
20531.jpg,4
19237.jpg,3
22575.jpg,1
19019.jpg,2
1912.jpg,1
22760.jpg,1
2291.jpg,4
17587.jpg,5
19380.jpg,3
18809.jpg,2
17568.jpg,0
19197.jpg,2
17969.jpg,0
187.jpg,2
1675.jpg,4
16311.jpg,1
22817.jpg,2
19196.jpg,1
20650.jpg,1
21804.jpg,2
1894.jpg,2
17032.jpg,0
22898.jpg,5
17446.jpg,1
1988.jpg,1
21551.jpg,2
17047.jpg,5
21442.jpg,4
20078.jpg,0
18639.jpg,0
23510.jpg,5
17212.jpg,3
21505.jpg,0
20731.jpg,1
23408.jpg,4
1770.jpg,1
21325.jpg,1
20281.jpg,4
22782.jpg,2
17981.jpg,0
17137.jpg,5
18505.jpg,2
21535.jpg,4
18018.jpg,5
19293.jpg,0
20189.jpg,3
19932.jpg,4
17604.jpg,1
16510.jpg,3
16899.jpg,4
19336.jpg,1
22854.jpg,1
2300.jpg,0
16602.jpg,1
2345.jpg,1
16517.jpg,2
21955.jpg,0
18451.jpg,1
17284.jpg,1
16661.jpg,4
18529.jpg,1
22608.jpg,3
22458.jpg,5
17971.jpg,4
21473.jpg,2
18839.jpg,3
21136.jpg,2
16567.jpg,0
1996.jpg,3
22572.jpg,4
16544.jpg,3
20776.jpg,0
17898.jpg,0
18657.jpg,3
21016.jpg,1
17152.jpg,2
2331.jpg,1
2054.jpg,3
19978.jpg,5
20064.jpg,0
20637.jpg,0
21155.jpg,2
21405.jpg,4
19007.jpg,2
21634.jpg,5
19937.jpg,4
18421.jpg,1
17055.jpg,0
1958.jpg,2
23606.jpg,2
21586.jpg,1
17441.jpg,3
23429.jpg,3
1643.jpg,5
18884.jpg,3
23919.jpg,4
782.jpg,5
4344.jpg,3
6575.jpg,2
8601.jpg,0
7561.jpg,1
2524.jpg,2
23750.jpg,1
24190.jpg,4
5133.jpg,4
7620.jpg,3
3200.jpg,4
4961.jpg,0
8537.jpg,1
2697.jpg,0
5340.jpg,0
8683.jpg,5
24058.jpg,0
5105.jpg,4
8963.jpg,2
3740.jpg,5
6585.jpg,0
4426.jpg,1
6008.jpg,5
7831.jpg,2
4676.jpg,3
9017.jpg,2
8932.jpg,3
2979.jpg,2
7255.jpg,3
6956.jpg,0
4194.jpg,2
838.jpg,1
8365.jpg,4
7876.jpg,5
395.jpg,3
4529.jpg,4
7709.jpg,1
8703.jpg,2
5058.jpg,1
5891.jpg,5
7599.jpg,5
8234.jpg,2
2838.jpg,4
4607.jpg,2
3111.jpg,3
3036.jpg,2
4622.jpg,3
7590.jpg,1
8098.jpg,3
422.jpg,0
2566.jpg,3
24176.jpg,3
657.jpg,5
5477.jpg,0
8214.jpg,3
2890.jpg,5
6613.jpg,5
543.jpg,3
24220.jpg,1
3458.jpg,1
5152.jpg,5
3158.jpg,4
589.jpg,5
24169.jpg,3
721.jpg,3
5788.jpg,0
24027.jpg,4
6472.jpg,3
6655.jpg,1
4663.jpg,2
6373.jpg,4
2658.jpg,1
9049.jpg,5
488.jpg,0
5613.jpg,5
3367.jpg,3
5312.jpg,2
3513.jpg,2
8669.jpg,4
8458.jpg,0
6507.jpg,2
8805.jpg,1
23804.jpg,4
4890.jpg,5
4469.jpg,0
7198.jpg,1
4517.jpg,0
8575.jpg,4
2516.jpg,4
5357.jpg,3
6393.jpg,5
4786.jpg,2
3261.jpg,5
24324.jpg,1
6270.jpg,4
5353.jpg,4
24110.jpg,1
7980.jpg,5
23908.jpg,0
23736.jpg,3
477.jpg,5
8053.jpg,4
6222.jpg,0
7994.jpg,0
5927.jpg,0
23808.jpg,3
2647.jpg,1
6175.jpg,0
24160.jpg,0
2604.jpg,2
3339.jpg,0
7201.jpg,3
8431.jpg,0
6742.jpg,4
7411.jpg,1
8596.jpg,0
6865.jpg,5
2575.jpg,0
24044.jpg,3
3868.jpg,2
8526.jpg,5
3980.jpg,4
5468.jpg,2
6076.jpg,2
3429.jpg,2
3386.jpg,1
5132.jpg,3
7256.jpg,2
4567.jpg,1
3742.jpg,3
8787.jpg,1
5728.jpg,5
7238.jpg,1
7145.jpg,1
8676.jpg,3
480.jpg,3
24088.jpg,4
4002.jpg,0
2673.jpg,5
7891.jpg,0
5407.jpg,2
3744.jpg,2
9037.jpg,5
24060.jpg,2
3978.jpg,3
23896.jpg,3
2823.jpg,0
7900.jpg,4
8660.jpg,3
4114.jpg,1
4937.jpg,3
2489.jpg,4
5404.jpg,1
4532.jpg,2
4227.jpg,4
6097.jpg,5
3295.jpg,2
3534.jpg,5
5195.jpg,3
5414.jpg,2
3155.jpg,1
24223.jpg,0
7127.jpg,5
3941.jpg,3
23826.jpg,4
5153.jpg,2
24270.jpg,5
5544.jpg,1
5185.jpg,2
5431.jpg,3
6383.jpg,0
7632.jpg,5
680.jpg,4
866.jpg,3
7775.jpg,4
5470.jpg,0
6496.jpg,1
856.jpg,5
8742.jpg,3
2859.jpg,3
3411.jpg,1
3915.jpg,3
8115.jpg,2
6587.jpg,0
7074.jpg,5
3800.jpg,5
276.jpg,3
6038.jpg,5
3762.jpg,5
3679.jpg,5
6706.jpg,5
8825.jpg,4
4805.jpg,4
4421.jpg,1
8410.jpg,5
4332.jpg,5
5306.jpg,3
4054.jpg,2
726.jpg,0
7274.jpg,1
5874.jpg,3
5417.jpg,2
23995.jpg,5
2857.jpg,2
8233.jpg,4
5676.jpg,3
7942.jpg,2
4531.jpg,5
7250.jpg,0
2887.jpg,0
8349.jpg,2
2889.jpg,1
6697.jpg,3
8559.jpg,1
759.jpg,4
6112.jpg,1
4279.jpg,5
8798.jpg,3
5965.jpg,0
3423.jpg,3
5570.jpg,4
43.jpg,2
437.jpg,5
3300.jpg,1
5165.jpg,4
341.jpg,2
7683.jpg,1
3806.jpg,3
508.jpg,5
4478.jpg,2
7164.jpg,2
2409.jpg,4
23775.jpg,2
4064.jpg,2
3074.jpg,3
23947.jpg,4
24287.jpg,2
8129.jpg,0
3921.jpg,0
5790.jpg,3
7382.jpg,0
859.jpg,1
8631.jpg,5
4323.jpg,1
7129.jpg,2
5744.jpg,2
698.jpg,5
2809.jpg,0
290.jpg,4
4193.jpg,2
2680.jpg,3
5392.jpg,2
3405.jpg,1
4440.jpg,0
8930.jpg,4
8914.jpg,0
6628.jpg,3
8547.jpg,5
4695.jpg,3
3178.jpg,3
5240.jpg,3
4892.jpg,3
3125.jpg,3
6457.jpg,2
7647.jpg,3
11138.jpg,1
11364.jpg,1
12077.jpg,1
15034.jpg,4
146.jpg,0
11136.jpg,3
13005.jpg,5
11708.jpg,3
11241.jpg,2
14184.jpg,0
11058.jpg,3
11973.jpg,4
1138.jpg,4
12600.jpg,3
11010.jpg,2
10067.jpg,3
11223.jpg,3
14962.jpg,5
11626.jpg,3
10230.jpg,5
15233.jpg,1
12258.jpg,4
15761.jpg,1
12280.jpg,0
11276.jpg,3
12511.jpg,4
16038.jpg,1
13815.jpg,2
15869.jpg,5
14804.jpg,2
11562.jpg,3
10264.jpg,2
15324.jpg,0
11600.jpg,4
15213.jpg,2
10267.jpg,2
1218.jpg,5
13575.jpg,2
13851.jpg,5
12200.jpg,0
1567.jpg,3
16034.jpg,2
1306.jpg,5
12147.jpg,4
11407.jpg,5
11669.jpg,3
12009.jpg,2
13284.jpg,0
14021.jpg,1
15471.jpg,1
14382.jpg,4
13543.jpg,3
14928.jpg,4
1295.jpg,4
10780.jpg,5
10122.jpg,0
13158.jpg,2
11484.jpg,1
13770.jpg,0
14282.jpg,3
15756.jpg,5
14573.jpg,4
15144.jpg,1
10031.jpg,3
14080.jpg,3
16021.jpg,2
15531.jpg,1
14089.jpg,1
10249.jpg,4
11762.jpg,3
14148.jpg,0
12110.jpg,1
1508.jpg,2
11987.jpg,1
14980.jpg,1
13112.jpg,5
16025.jpg,2
10980.jpg,5
14250.jpg,5
16198.jpg,5
13888.jpg,0
11567.jpg,5
14459.jpg,1
13219.jpg,2
10867.jpg,5
10721.jpg,1
14360.jpg,1
14959.jpg,4
14870.jpg,0
15277.jpg,3
13508.jpg,1
13980.jpg,2
15959.jpg,0
14663.jpg,2
13320.jpg,4
13496.jpg,5
16272.jpg,0
1212.jpg,5
12406.jpg,0
1265.jpg,3
11816.jpg,2
14300.jpg,0
13528.jpg,4
11946.jpg,4
14515.jpg,2
13.jpg,2
10841.jpg,5
10108.jpg,4
11697.jpg,1
10358.jpg,5
11917.jpg,5
11490.jpg,3
15104.jpg,1
10008.jpg,2
11499.jpg,0
10803.jpg,4
14708.jpg,0
11056.jpg,4
10403.jpg,2
14311.jpg,3
10105.jpg,3
12963.jpg,5
1198.jpg,4
10387.jpg,1
12065.jpg,5
11657.jpg,2
15996.jpg,2
14214.jpg,2
1563.jpg,0
12770.jpg,0
15945.jpg,0
13324.jpg,0
13761.jpg,3
10519.jpg,1
15227.jpg,0
13440.jpg,2
15693.jpg,0
13763.jpg,5
14280.jpg,5
10751.jpg,1
11347.jpg,4
10483.jpg,0
14298.jpg,2
10656.jpg,0
13191.jpg,4
13741.jpg,0
12678.jpg,3
12534.jpg,3
12636.jpg,4
15656.jpg,4
14622.jpg,2
10847.jpg,1
15626.jpg,1
12244.jpg,0
11368.jpg,4
1244.jpg,0
12292.jpg,3
1379.jpg,5
11508.jpg,3
12917.jpg,5
12108.jpg,1
1124.jpg,4
11229.jpg,1
1343.jpg,0
15705.jpg,0
13976.jpg,5
16013.jpg,3
15635.jpg,4
15759.jpg,2
1035.jpg,4
13507.jpg,5
11265.jpg,3
15076.jpg,2
16101.jpg,2
12282.jpg,1
15052.jpg,0
13006.jpg,1
14527.jpg,4
14330.jpg,4
118.jpg,3
12766.jpg,0
11650.jpg,5
12094.jpg,1
11982.jpg,2
16016.jpg,2
14349.jpg,4
13113.jpg,4
11173.jpg,0
1630.jpg,0
15160.jpg,3
13143.jpg,5
14008.jpg,5
10091.jpg,5
12805.jpg,2
15407.jpg,4
15584.jpg,5
14465.jpg,5
12383.jpg,2
1041.jpg,0
13423.jpg,1
15813.jpg,2
10227.jpg,5
12870.jpg,5
13024.jpg,0
16180.jpg,3
12479.jpg,0
1473.jpg,3
14547.jpg,2
15507.jpg,2
14027.jpg,1
1015.jpg,5
14521.jpg,0
14494.jpg,1
157.jpg,0
1314.jpg,3
1057.jpg,2
10972.jpg,5
16223.jpg,1
13544.jpg,5
10228.jpg,0
11856.jpg,3
13952.jpg,1
11698.jpg,4
14626.jpg,4
16050.jpg,2
10728.jpg,5
10714.jpg,3
11979.jpg,1
15799.jpg,5
10518.jpg,3
12757.jpg,1
15809.jpg,4
13978.jpg,0
10238.jpg,5
16037.jpg,3
11556.jpg,1
1213.jpg,5
14010.jpg,3
14788.jpg,2
15421.jpg,1
10081.jpg,3
154.jpg,0
15457.jpg,2
14839.jpg,5
10553.jpg,0
10359.jpg,1
13233.jpg,5
1282.jpg,4
15464.jpg,4
1613.jpg,1
15999.jpg,3
11753.jpg,0
11842.jpg,3
14334.jpg,3
15216.jpg,0
15998.jpg,3
11268.jpg,5
13380.jpg,1
12188.jpg,1
1365.jpg,5
1033.jpg,5
16303.jpg,1
13238.jpg,0
13366.jpg,4
14299.jpg,3
12466.jpg,4
14019.jpg,1
14013.jpg,3
12698.jpg,3
12025.jpg,2
14177.jpg,1
12495.jpg,2
12810.jpg,2
15514.jpg,0
15798.jpg,1
11133.jpg,4
14087.jpg,2
11003.jpg,0
10658.jpg,4
10528.jpg,0
10882.jpg,4
16309.jpg,3
1606.jpg,5
15579.jpg,4
10099.jpg,5
11534.jpg,2
14754.jpg,2
14227.jpg,5
16142.jpg,4
15306.jpg,3
10547.jpg,0
15819.jpg,2
12701.jpg,3
15571.jpg,2
1090.jpg,0
15893.jpg,4
11033.jpg,4
10902.jpg,2
16044.jpg,2
12223.jpg,0
14510.jpg,1
14810.jpg,5
13823.jpg,0
11296.jpg,1
12931.jpg,5
14477.jpg,1
1564.jpg,5
12863.jpg,0
14047.jpg,1
12175.jpg,3
14607.jpg,5
13254.jpg,3
10313.jpg,5
1367.jpg,4
11406.jpg,0
12433.jpg,3
15808.jpg,4
1186.jpg,5
15880.jpg,4
15300.jpg,5
15544.jpg,2
12403.jpg,4
13124.jpg,0
15074.jpg,2
11642.jpg,0
14130.jpg,1
11539.jpg,2
14802.jpg,2
11906.jpg,5
13155.jpg,1
12485.jpg,4
13997.jpg,3
1183.jpg,3
13173.jpg,3
15883.jpg,5
13216.jpg,0
12929.jpg,4
12245.jpg,3
123.jpg,1
13781.jpg,3
12195.jpg,3
14818.jpg,5
14792.jpg,4
14377.jpg,5
16104.jpg,3
15082.jpg,3
13473.jpg,5
14843.jpg,4
12947.jpg,5
15225.jpg,1
1065.jpg,3
14141.jpg,4
14218.jpg,0
14371.jpg,1
12746.jpg,2
11428.jpg,0
12349.jpg,5
15247.jpg,2
1056.jpg,5
13685.jpg,2
1625.jpg,1
15469.jpg,4
13114.jpg,1
12191.jpg,4
1465.jpg,3
15483.jpg,4
11157.jpg,0
11621.jpg,0
10407.jpg,3
15763.jpg,1
10221.jpg,4
12049.jpg,1
11018.jpg,2
10581.jpg,3
12144.jpg,0
13377.jpg,0
13617.jpg,3
15184.jpg,4
10809.jpg,0
11424.jpg,5
15087.jpg,2
1249.jpg,1
14338.jpg,1
15235.jpg,2
14838.jpg,3
11122.jpg,5
14410.jpg,0
15852.jpg,5
16262.jpg,1
11457.jpg,3
13634.jpg,5
15885.jpg,1
11665.jpg,1
11415.jpg,4
11628.jpg,5
10982.jpg,4
15596.jpg,5
11342.jpg,1
12529.jpg,1
10812.jpg,0
14499.jpg,2
12615.jpg,5
13479.jpg,2
11749.jpg,0
15124.jpg,4
14694.jpg,0
10258.jpg,1
15169.jpg,5
16008.jpg,3
11288.jpg,5
12342.jpg,3
15443.jpg,4
15740.jpg,3
14224.jpg,3
12157.jpg,0
12360.jpg,5
11536.jpg,2
14002.jpg,5
13099.jpg,4
13603.jpg,0
1484.jpg,4
1266.jpg,5
12467.jpg,3
16132.jpg,1
12210.jpg,5
14834.jpg,2
15770.jpg,2
11455.jpg,4
1201.jpg,0
10903.jpg,2
13777.jpg,5
15913.jpg,4
14305.jpg,5
12505.jpg,3
13746.jpg,5
13834.jpg,5
14140.jpg,3
11355.jpg,3
12688.jpg,5
14597.jpg,3
14203.jpg,3
12255.jpg,4
10608.jpg,0
1432.jpg,3
14559.jpg,5
14662.jpg,5
12368.jpg,3
12203.jpg,0
13548.jpg,5
10744.jpg,0
1233.jpg,2
10950.jpg,3
12721.jpg,1
13094.jpg,3
13323.jpg,5
15430.jpg,3
15473.jpg,3
13402.jpg,2
16211.jpg,4
14407.jpg,4
10039.jpg,5
122.jpg,3
14912.jpg,0
11794.jpg,4
14866.jpg,3
15547.jpg,5
15574.jpg,5
15541.jpg,1
11220.jpg,3
16162.jpg,3
10678.jpg,1
12364.jpg,1
14304.jpg,5
15936.jpg,2
11893.jpg,5
11375.jpg,1
10480.jpg,0
14540.jpg,2
11647.jpg,4
16188.jpg,1
10417.jpg,1
11978.jpg,1
12209.jpg,2
10786.jpg,1
15804.jpg,1
10490.jpg,5
11390.jpg,4
11812.jpg,5
10937.jpg,1
11154.jpg,5
16212.jpg,1
11274.jpg,5
12083.jpg,0
13217.jpg,2
12939.jpg,0
12552.jpg,0
10149.jpg,2
11772.jpg,2
16046.jpg,3
120.jpg,2
1077.jpg,5
13141.jpg,2
15356.jpg,4
10463.jpg,5
14106.jpg,5
15245.jpg,1
12561.jpg,3
1104.jpg,5
15332.jpg,5
14400.jpg,3
11714.jpg,5
12232.jpg,0
11092.jpg,0
10275.jpg,1
11491.jpg,3
10732.jpg,0
11956.jpg,3
15949.jpg,1
12499.jpg,1
13569.jpg,5
11736.jpg,2
1495.jpg,5
13608.jpg,2
14743.jpg,3
10251.jpg,2
11841.jpg,5
12938.jpg,0
11787.jpg,2
10644.jpg,4
13937.jpg,1
14436.jpg,2
10398.jpg,3
14358.jpg,3
13681.jpg,0
155.jpg,3
1559.jpg,3
13941.jpg,1
11028.jpg,2
15470.jpg,3
16165.jpg,4
11514.jpg,3
12644.jpg,1
11652.jpg,2
14603.jpg,2
15025.jpg,4
14852.jpg,0
12148.jpg,2
16131.jpg,2
13288.jpg,2
10354.jpg,5
11206.jpg,4
14337.jpg,0
10883.jpg,4
15787.jpg,0
15138.jpg,5
10502.jpg,2
10663.jpg,2
12257.jpg,0
14316.jpg,1
1593.jpg,5
1434.jpg,4
12617.jpg,0
11441.jpg,2
10452.jpg,0
12385.jpg,4
10046.jpg,3
12378.jpg,2
14152.jpg,1
16128.jpg,3
12248.jpg,2
12937.jpg,3
15590.jpg,1
1257.jpg,3
15540.jpg,5
15439.jpg,0
16201.jpg,5
14178.jpg,3
13446.jpg,0
1209.jpg,2
11680.jpg,3
12741.jpg,0
15088.jpg,5
10955.jpg,5
15339.jpg,5
15045.jpg,0
1539.jpg,0
15549.jpg,4
15320.jpg,5
15094.jpg,4
1220.jpg,0
14442.jpg,5
10135.jpg,1
23521.jpg,4
22421.jpg,5
21999.jpg,4
20246.jpg,5
21077.jpg,5
22493.jpg,3
1742.jpg,2
20864.jpg,5
17227.jpg,2
1902.jpg,1
2301.jpg,5
19274.jpg,2
22472.jpg,1
20294.jpg,5
20658.jpg,2
19319.jpg,2
204.jpg,5
21014.jpg,4
21486.jpg,3
19552.jpg,0
20995.jpg,5
21468.jpg,3
18721.jpg,5
21724.jpg,5
23462.jpg,1
17053.jpg,2
20449.jpg,0
22637.jpg,0
23386.jpg,1
22716.jpg,4
17170.jpg,1
20411.jpg,1
20882.jpg,4
23600.jpg,1
18799.jpg,5
17823.jpg,1
18342.jpg,5
18000.jpg,3
23119.jpg,4
20655.jpg,3
19347.jpg,0
22341.jpg,0
22079.jpg,2
20810.jpg,2
18255.jpg,1
20984.jpg,1
18853.jpg,3
16834.jpg,4
20983.jpg,2
23640.jpg,1
17701.jpg,2
21199.jpg,3
21216.jpg,3
16435.jpg,3
17904.jpg,0
19732.jpg,4
20794.jpg,1
19584.jpg,0
19722.jpg,0
17320.jpg,5
21217.jpg,4
17540.jpg,5
18958.jpg,4
17690.jpg,3
21894.jpg,1
20937.jpg,5
18300.jpg,5
18020.jpg,3
17667.jpg,2
17206.jpg,2
18743.jpg,0
17591.jpg,5
16413.jpg,0
2337.jpg,4
18992.jpg,0
19864.jpg,1
16853.jpg,0
17718.jpg,0
22827.jpg,5
18811.jpg,5
18967.jpg,3
18745.jpg,0
20373.jpg,2
19153.jpg,5
22169.jpg,1
22093.jpg,1
20530.jpg,4
23476.jpg,1
21787.jpg,1
1984.jpg,5
17445.jpg,1
20800.jpg,1
23089.jpg,4
22670.jpg,2
19675.jpg,4
2125.jpg,2
20947.jpg,1
20357.jpg,5
23265.jpg,2
20508.jpg,2
20844.jpg,2
18864.jpg,2
1750.jpg,2
21313.jpg,4
18429.jpg,5
23507.jpg,1
20277.jpg,3
20159.jpg,1
20459.jpg,0
16367.jpg,5
2115.jpg,1
16570.jpg,3
22500.jpg,2
16703.jpg,4
22992.jpg,3
21017.jpg,0
23183.jpg,5
20726.jpg,2
21689.jpg,0
18336.jpg,2
18337.jpg,3
2333.jpg,1
19217.jpg,0
2131.jpg,1
16817.jpg,1
19913.jpg,0
1932.jpg,1
23159.jpg,0
18644.jpg,5
20739.jpg,2
1848.jpg,5
23669.jpg,5
1645.jpg,3
17225.jpg,5
20631.jpg,2
22602.jpg,1
16707.jpg,2
22846.jpg,3
1961.jpg,3
20289.jpg,4
18744.jpg,3
19404.jpg,2
2095.jpg,5
16549.jpg,1
20799.jpg,0
1766.jpg,1
22353.jpg,4
22436.jpg,3
17007.jpg,2
17678.jpg,1
16953.jpg,1
16888.jpg,0
17413.jpg,5
18341.jpg,1
17171.jpg,1
17736.jpg,2
21078.jpg,3
21412.jpg,3
1669.jpg,0
19478.jpg,2
18934.jpg,0
17689.jpg,2
21342.jpg,4
19695.jpg,4
21465.jpg,4
23390.jpg,5
18128.jpg,2
18440.jpg,4
22028.jpg,1
20858.jpg,0
22900.jpg,5
22663.jpg,3
22960.jpg,3
21807.jpg,4
17963.jpg,1
22104.jpg,4
22239.jpg,2
17045.jpg,4
20232.jpg,3
17399.jpg,2
20649.jpg,4
19373.jpg,2
22679.jpg,4
16797.jpg,2
2073.jpg,4
20161.jpg,5
21987.jpg,3
23448.jpg,2
20210.jpg,3
17579.jpg,3
19384.jpg,4
17319.jpg,5
20033.jpg,4
18317.jpg,5
19049.jpg,3
20678.jpg,4
18149.jpg,3
19388.jpg,2
21781.jpg,3
21745.jpg,5
22617.jpg,3
19152.jpg,5
21609.jpg,4
16333.jpg,5
2289.jpg,2
20497.jpg,3
23116.jpg,1
19296.jpg,3
19752.jpg,1
1710.jpg,1
22669.jpg,1
20075.jpg,5
21046.jpg,1
18037.jpg,0
23402.jpg,1
18600.jpg,4
17228.jpg,1
20540.jpg,2
194.jpg,3
17131.jpg,2
16800.jpg,0
22784.jpg,0
18921.jpg,1
22778.jpg,5
20062.jpg,1
20333.jpg,4
18204.jpg,2
17124.jpg,2
23220.jpg,0
16869.jpg,3
23613.jpg,1
19449.jpg,3
20362.jpg,2
18449.jpg,0
21856.jpg,5
22294.jpg,2
23339.jpg,2
17038.jpg,2
20556.jpg,1
22343.jpg,3
16382.jpg,2
22834.jpg,2
20754.jpg,1
18674.jpg,1
20976.jpg,3
2172.jpg,1
22457.jpg,5
19249.jpg,5
22643.jpg,1
17036.jpg,5
23031.jpg,1
18748.jpg,4
17760.jpg,4
20253.jpg,2
18011.jpg,4
18982.jpg,3
20397.jpg,3
18907.jpg,1
19224.jpg,2
17925.jpg,2
18494.jpg,1
16944.jpg,4
17443.jpg,5
19226.jpg,2
22431.jpg,3
18885.jpg,1
23503.jpg,1
1904.jpg,2
22149.jpg,1
20074.jpg,3
18236.jpg,2
17885.jpg,3
1725.jpg,5
22494.jpg,3
19465.jpg,2
16835.jpg,1
22478.jpg,4
16518.jpg,2
16773.jpg,1
20299.jpg,1
19468.jpg,3
22325.jpg,4
22639.jpg,1
17775.jpg,2
22730.jpg,4
17030.jpg,5
18776.jpg,4
23195.jpg,5
18503.jpg,5
20958.jpg,1
16695.jpg,5
20666.jpg,0
21055.jpg,3
22233.jpg,0
22558.jpg,0
21170.jpg,0
21801.jpg,0
17713.jpg,5
20316.jpg,4
22019.jpg,4
19805.jpg,4
17946.jpg,1
20359.jpg,5
2041.jpg,0
17672.jpg,3
21042.jpg,2
21387.jpg,0
17837.jpg,4
21751.jpg,2
17229.jpg,5
18023.jpg,3
17865.jpg,5
19291.jpg,1
1937.jpg,0
18007.jpg,2
21699.jpg,1
2314.jpg,1
2252.jpg,0
20276.jpg,3
19412.jpg,3
23223.jpg,2
1728.jpg,1
19956.jpg,3
21359.jpg,5
1930.jpg,2
22350.jpg,3
18565.jpg,0
18865.jpg,5
23423.jpg,4
20996.jpg,1
22623.jpg,4
21448.jpg,3
2121.jpg,5
2226.jpg,5
19363.jpg,1
19995.jpg,1
22833.jpg,1
20358.jpg,3
21484.jpg,1
19924.jpg,1
16326.jpg,0
2164.jpg,5
23385.jpg,0
16586.jpg,3
20860.jpg,2
20024.jpg,2
2255.jpg,1
19545.jpg,2
20783.jpg,2
19861.jpg,3
17452.jpg,5
18407.jpg,2
16565.jpg,2
17668.jpg,4
2104.jpg,5
1900.jpg,0
23427.jpg,2
17322.jpg,0
19538.jpg,3
19783.jpg,5
18621.jpg,5
19974.jpg,5
17502.jpg,3
17670.jpg,2
19612.jpg,2
17175.jpg,4
18740.jpg,3
18889.jpg,1
22776.jpg,0
16495.jpg,4
21817.jpg,0
17729.jpg,3
19207.jpg,3
17135.jpg,5
22448.jpg,0
1887.jpg,3
22346.jpg,2
18267.jpg,1
22398.jpg,3
22935.jpg,5
17680.jpg,4
22255.jpg,0
18577.jpg,5
16711.jpg,1
19295.jpg,3
22406.jpg,5
22180.jpg,3
2159.jpg,2
22102.jpg,4
2257.jpg,1
20026.jpg,3
23213.jpg,4
19259.jpg,3
17417.jpg,4
16673.jpg,3
1895.jpg,4
22588.jpg,2
20473.jpg,4
16658.jpg,1
22986.jpg,5
17102.jpg,3
23102.jpg,5
2097.jpg,0
16826.jpg,2
22768.jpg,3
18363.jpg,1
17897.jpg,5
18131.jpg,3
12973.jpg,0
10349.jpg,0
13692.jpg,4
14861.jpg,1
15754.jpg,5
10932.jpg,3
10344.jpg,4
11034.jpg,3
12877.jpg,3
107.jpg,4
16018.jpg,2
15163.jpg,1
14495.jpg,1
14687.jpg,5
1040.jpg,3
12930.jpg,5
10671.jpg,2
10231.jpg,0
15926.jpg,5
12906.jpg,3
15016.jpg,1
15551.jpg,3
1584.jpg,1
14946.jpg,2
11470.jpg,5
11524.jpg,3
12074.jpg,5
13991.jpg,2
12119.jpg,5
1195.jpg,1
12123.jpg,0
13843.jpg,0
16205.jpg,1
10070.jpg,5
14307.jpg,1
12958.jpg,5
10459.jpg,5
134.jpg,1
1301.jpg,4
14037.jpg,5
13717.jpg,5
13565.jpg,4
12943.jpg,0
1341.jpg,2
16060.jpg,1
15195.jpg,1
14092.jpg,0
12458.jpg,5
10492.jpg,1
15348.jpg,1
12533.jpg,0
14648.jpg,1
15889.jpg,3
10265.jpg,4
15254.jpg,3
14654.jpg,4
10672.jpg,0
12344.jpg,3
14158.jpg,0
12663.jpg,3
11635.jpg,0
12815.jpg,3
13637.jpg,1
14100.jpg,3
16115.jpg,0
14817.jpg,4
14114.jpg,0
12990.jpg,0
15493.jpg,3
13791.jpg,5
15447.jpg,4
14689.jpg,2
14095.jpg,3
10747.jpg,2
10718.jpg,1
16296.jpg,2
13056.jpg,2
12827.jpg,0
10851.jpg,5
15539.jpg,2
1332.jpg,5
13583.jpg,0
15085.jpg,1
14769.jpg,0
10035.jpg,3
13431.jpg,1
13720.jpg,3
0.jpg,0
12750.jpg,3
11421.jpg,5
10385.jpg,2
15986.jpg,4
10379.jpg,1
14809.jpg,1
13579.jpg,0
11297.jpg,2
11696.jpg,0
15009.jpg,4
1097.jpg,3
13228.jpg,2
14826.jpg,0
11981.jpg,2
15671.jpg,4
13003.jpg,2
15370.jpg,2
14563.jpg,4
15667.jpg,1
12396.jpg,4
13549.jpg,3
15580.jpg,2
11164.jpg,3
10217.jpg,1
10466.jpg,0
14990.jpg,3
12714.jpg,4
13993.jpg,2
1315.jpg,1
16122.jpg,4
16053.jpg,3
14404.jpg,3
15379.jpg,5
11404.jpg,5
1553.jpg,0
15481.jpg,1
10520.jpg,0
11312.jpg,2
10172.jpg,2
13948.jpg,4
11728.jpg,4
13322.jpg,1
11852.jpg,5
13185.jpg,5
11051.jpg,2
11389.jpg,1
10664.jpg,2
16076.jpg,5
16209.jpg,5
14550.jpg,5
1575.jpg,2
16239.jpg,2
13783.jpg,2
15827.jpg,0
15048.jpg,5
16114.jpg,3
13180.jpg,3
11928.jpg,2
13477.jpg,0
13118.jpg,4
13848.jpg,0
14278.jpg,5
1208.jpg,5
10394.jpg,1
14281.jpg,4
1032.jpg,3
12916.jpg,1
13159.jpg,1
10331.jpg,5
1410.jpg,1
1604.jpg,5
14321.jpg,0
11887.jpg,3
13132.jpg,5
10085.jpg,5
12382.jpg,0
14646.jpg,3
10474.jpg,3
1336.jpg,3
14932.jpg,5
11620.jpg,0
15153.jpg,1
12212.jpg,4
11096.jpg,5
10345.jpg,5
16219.jpg,4
13568.jpg,0
10900.jpg,5
13792.jpg,3
14885.jpg,0
10720.jpg,3
13959.jpg,3
11656.jpg,1
10898.jpg,1
12281.jpg,5
1044.jpg,1
15587.jpg,0
15404.jpg,0
10202.jpg,5
15651.jpg,4
12488.jpg,1
12410.jpg,2
11002.jpg,5
15842.jpg,5
13983.jpg,0
11110.jpg,2
1017.jpg,1
15.jpg,3
11118.jpg,3
13235.jpg,4
10884.jpg,1
10262.jpg,4
10911.jpg,0
11847.jpg,5
12994.jpg,0
13745.jpg,0
13146.jpg,3
14451.jpg,1
1316.jpg,2
16308.jpg,2
10003.jpg,3
15661.jpg,4
14791.jpg,4
15533.jpg,5
11528.jpg,3
14324.jpg,1
10300.jpg,3
10014.jpg,3
12447.jpg,1
10562.jpg,2
14291.jpg,4
12487.jpg,4
14115.jpg,2
11795.jpg,0
14245.jpg,3
10563.jpg,3
14853.jpg,1
10024.jpg,2
12328.jpg,2
14289.jpg,1
16222.jpg,3
14698.jpg,3
14677.jpg,5
131.jpg,1
14740.jpg,2
105.jpg,2
11365.jpg,4
10260.jpg,0
12287.jpg,4
15971.jpg,3
13076.jpg,1
12613.jpg,3
15558.jpg,1
13220.jpg,5
16116.jpg,4
10784.jpg,5
11107.jpg,4
11416.jpg,5
10665.jpg,5
10596.jpg,4
11662.jpg,1
14383.jpg,0
11026.jpg,4
16227.jpg,3
15432.jpg,5
11605.jpg,5
15674.jpg,0
10542.jpg,1
11282.jpg,3
12515.jpg,3
15011.jpg,3
11315.jpg,0
10440.jpg,3
14180.jpg,5
15480.jpg,4
12817.jpg,0
13582.jpg,1
14605.jpg,3
14295.jpg,0
11090.jpg,2
11139.jpg,2
15569.jpg,2
14509.jpg,2
13753.jpg,0
14719.jpg,3
11735.jpg,4
11717.jpg,5
1447.jpg,4
14915.jpg,0
14723.jpg,0
12063.jpg,0
12513.jpg,0
10697.jpg,5
15456.jpg,4
13309.jpg,1
1333.jpg,0
12143.jpg,3
10833.jpg,4
12404.jpg,1
12697.jpg,2
11755.jpg,0
12671.jpg,4
1486.jpg,2
12976.jpg,3
10372.jpg,3
12217.jpg,5
14876.jpg,0
14880.jpg,5
10546.jpg,1
1426.jpg,3
15400.jpg,2
10967.jpg,4
12716.jpg,0
11467.jpg,3
11452.jpg,1
10367.jpg,5
15422.jpg,1
10218.jpg,3
15086.jpg,4
11664.jpg,4
15542.jpg,0
12604.jpg,5
15449.jpg,2
10128.jpg,4
13613.jpg,3
12463.jpg,3
14655.jpg,3
15942.jpg,0
1497.jpg,2
15791.jpg,0
12198.jpg,4
15719.jpg,3
12549.jpg,3
10840.jpg,4
11294.jpg,1
11140.jpg,1
12436.jpg,2
14104.jpg,1
15771.jpg,3
11451.jpg,1
15434.jpg,3
12761.jpg,0
14431.jpg,3
10396.jpg,4
15196.jpg,2
14794.jpg,4
16285.jpg,2
12027.jpg,3
14268.jpg,5
14263.jpg,1
15990.jpg,2
11788.jpg,0
13859.jpg,3
15246.jpg,1
1296.jpg,1
1423.jpg,4
11592.jpg,4
13722.jpg,2
13251.jpg,2
10115.jpg,4
12620.jpg,4
13334.jpg,1
14262.jpg,2
15702.jpg,3
12460.jpg,4
13420.jpg,2
11045.jpg,0
11990.jpg,5
13245.jpg,0
13534.jpg,0
11713.jpg,5
14035.jpg,0
12982.jpg,0
10329.jpg,5
11377.jpg,1
12988.jpg,5
1156.jpg,2
16108.jpg,2
15752.jpg,5
14534.jpg,4
14247.jpg,5
15280.jpg,1
15865.jpg,1
16092.jpg,2
15943.jpg,5
13160.jpg,4
16288.jpg,2
11317.jpg,0
12667.jpg,3
15512.jpg,5
14896.jpg,0
13071.jpg,3
1618.jpg,5
15824.jpg,0
15287.jpg,3
12240.jpg,5
12616.jpg,3
13982.jpg,0
12481.jpg,0
13046.jpg,5
11993.jpg,0
12819.jpg,2
10136.jpg,3
13916.jpg,0
12162.jpg,5
12840.jpg,2
1416.jpg,1
14595.jpg,2
16225.jpg,3
15460.jpg,4
1205.jpg,2
12595.jpg,3
13240.jpg,3
14056.jpg,4
15748.jpg,3
11181.jpg,0
12050.jpg,0
13666.jpg,1
10954.jpg,1
